wavelength_um,value,kind,source_id,source_name,notes
0.7,0.9270386865678529,reflectance_proxy,derived_from_stage_ocean_salt_and_sulfuric_acid_hydrate,stage radiolytic salt proxy,Recomputed as 0.5 ocean_salt + 0.5 sulfuric_acid_hydrate for this ablation stage
0.725,0.9264180353452034,reflectance_proxy,derived_from_stage_ocean_salt_and_sulfuric_acid_hydrate,stage radiolytic salt proxy,Recomputed as 0.5 ocean_salt + 0.5 sulfuric_acid_hydrate for this ablation stage
0.75,0.9257973834699269,reflectance_proxy,derived_from_stage_ocean_salt_and_sulfuric_acid_hydrate,stage radiolytic salt proxy,Recomputed as 0.5 ocean_salt + 0.5 sulfuric_acid_hydrate for this ablation stage
0.775,0.9251767297155749,reflectance_proxy,derived_from_stage_ocean_salt_and_sulfuric_acid_hydrate,stage radiolytic salt proxy,Recomputed as 0.5 ocean_salt + 0.5 sulfuric_acid_hydrate for this ablation stage
0.8,0.9245560696183774,reflectance_proxy,derived_from_stage_ocean_salt_and_sulfuric_acid_hydrate,stage radiolytic salt proxy,Recomputed as 0.5 ocean_salt + 0.5 sulfuric_acid_hydrate for this ablation stage
0.8250000000000001,0.923935387202839,reflectance_proxy,derived_from_stage_ocean_salt_and_sulfuric_acid_hydrate,stage radiolytic salt proxy,Recomputed as 0.5 ocean_salt + 0.5 sulfuric_acid_hydrate for this ablation stage
0.8500000000000001,0.9233146280650943,reflectance_proxy,derived_from_stage_ocean_salt_and_sulfuric_acid_hydrate,stage radiolytic salt proxy,Recomputed as 0.5 ocean_salt + 0.5 sulfuric_acid_hydrate for this ablation stage
0.8750000000000001,0.9226936180957781,reflectance_proxy,derived_from_stage_ocean_salt_and_sulfuric_acid_hydrate,stage radiolytic salt proxy,Recomputed as 0.5 ocean_salt + 0.5 sulfuric_acid_hydrate for this ablation stage
0.9000000000000001,0.9674670800544811,reflectance_proxy,derived_from_stage_ocean_salt_and_sulfuric_acid_hydrate,stage radiolytic salt proxy,Recomputed as 0.5 ocean_salt + 0.5 sulfuric_acid_hydrate for this ablation stage
0.9250000000000002,0.975734280319879,reflectance_proxy,derived_from_stage_ocean_salt_and_sulfuric_acid_hydrate,stage radiolytic salt proxy,Recomputed as 0.5 ocean_salt + 0.5 sulfuric_acid_hydrate for this ablation stage
0.9500000000000002,0.9773626632405108,reflectance_proxy,derived_from_stage_ocean_salt_and_sulfuric_acid_hydrate,stage radiolytic salt proxy,Recomputed as 0.5 ocean_salt + 0.5 sulfuric_acid_hydrate for this ablation stage
0.9750000000000002,0.9798564086332063,reflectance_proxy,derived_from_stage_ocean_salt_and_sulfuric_acid_hydrate,stage radiolytic salt proxy,Recomputed as 0.5 ocean_salt + 0.5 sulfuric_acid_hydrate for this ablation stage
1.0000000000000002,0.9829621083834357,reflectance_proxy,derived_from_stage_ocean_salt_and_sulfuric_acid_hydrate,stage radiolytic salt proxy,Recomputed as 0.5 ocean_salt + 0.5 sulfuric_acid_hydrate for this ablation stage
1.0250000000000004,0.9860448280449008,reflectance_proxy,derived_from_stage_ocean_salt_and_sulfuric_acid_hydrate,stage radiolytic salt proxy,Recomputed as 0.5 ocean_salt + 0.5 sulfuric_acid_hydrate for this ablation stage
1.0500000000000003,0.988170651717255,reflectance_proxy,derived_from_stage_ocean_salt_and_sulfuric_acid_hydrate,stage radiolytic salt proxy,Recomputed as 0.5 ocean_salt + 0.5 sulfuric_acid_hydrate for this ablation stage
1.0750000000000002,0.9892489264218303,reflectance_proxy,derived_from_stage_ocean_salt_and_sulfuric_acid_hydrate,stage radiolytic salt proxy,Recomputed as 0.5 ocean_salt + 0.5 sulfuric_acid_hydrate for this ablation stage
1.1000000000000003,0.9888602381780083,reflectance_proxy,derived_from_stage_ocean_salt_and_sulfuric_acid_hydrate,stage radiolytic salt proxy,Recomputed as 0.5 ocean_salt + 0.5 sulfuric_acid_hydrate for this ablation stage
1.1250000000000004,0.9872328423712304,reflectance_proxy,derived_from_stage_ocean_salt_and_sulfuric_acid_hydrate,stage radiolytic salt proxy,Recomputed as 0.5 ocean_salt + 0.5 sulfuric_acid_hydrate for this ablation stage
1.1500000000000004,0.9829943742864513,reflectance_proxy,derived_from_stage_ocean_salt_and_sulfuric_acid_hydrate,stage radiolytic salt proxy,Recomputed as 0.5 ocean_salt + 0.5 sulfuric_acid_hydrate for this ablation stage
1.1750000000000003,0.9758915247855613,reflectance_proxy,derived_from_stage_ocean_salt_and_sulfuric_acid_hydrate,stage radiolytic salt proxy,Recomputed as 0.5 ocean_salt + 0.5 sulfuric_acid_hydrate for this ablation stage
1.2000000000000004,0.9697063287382035,reflectance_proxy,derived_from_stage_ocean_salt_and_sulfuric_acid_hydrate,stage radiolytic salt proxy,Recomputed as 0.5 ocean_salt + 0.5 sulfuric_acid_hydrate for this ablation stage
1.2250000000000005,0.9620612814901958,reflectance_proxy,derived_from_stage_ocean_salt_and_sulfuric_acid_hydrate,stage radiolytic salt proxy,Recomputed as 0.5 ocean_salt + 0.5 sulfuric_acid_hydrate for this ablation stage
1.2500000000000004,0.9523898364939856,reflectance_proxy,derived_from_stage_ocean_salt_and_sulfuric_acid_hydrate,stage radiolytic salt proxy,Recomputed as 0.5 ocean_salt + 0.5 sulfuric_acid_hydrate for this ablation stage
1.2750000000000004,0.9416030752403215,reflectance_proxy,derived_from_stage_ocean_salt_and_sulfuric_acid_hydrate,stage radiolytic salt proxy,Recomputed as 0.5 ocean_salt + 0.5 sulfuric_acid_hydrate for this ablation stage
1.3000000000000005,0.9302008581538296,reflectance_proxy,derived_from_stage_ocean_salt_and_sulfuric_acid_hydrate,stage radiolytic salt proxy,Recomputed as 0.5 ocean_salt + 0.5 sulfuric_acid_hydrate for this ablation stage
1.3250000000000006,0.9184571159205231,reflectance_proxy,derived_from_stage_ocean_salt_and_sulfuric_acid_hydrate,stage radiolytic salt proxy,Recomputed as 0.5 ocean_salt + 0.5 sulfuric_acid_hydrate for this ablation stage
1.3500000000000005,0.9087186643583889,reflectance_proxy,derived_from_stage_ocean_salt_and_sulfuric_acid_hydrate,stage radiolytic salt proxy,Recomputed as 0.5 ocean_salt + 0.5 sulfuric_acid_hydrate for this ablation stage
1.3750000000000004,0.9020757463726673,reflectance_proxy,derived_from_stage_ocean_salt_and_sulfuric_acid_hydrate,stage radiolytic salt proxy,Recomputed as 0.5 ocean_salt + 0.5 sulfuric_acid_hydrate for this ablation stage
1.4000000000000006,0.8929050422555134,reflectance_proxy,derived_from_stage_ocean_salt_and_sulfuric_acid_hydrate,stage radiolytic salt proxy,Recomputed as 0.5 ocean_salt + 0.5 sulfuric_acid_hydrate for this ablation stage
1.4250000000000007,0.8754731821852315,reflectance_proxy,derived_from_stage_ocean_salt_and_sulfuric_acid_hydrate,stage radiolytic salt proxy,Recomputed as 0.5 ocean_salt + 0.5 sulfuric_acid_hydrate for this ablation stage
1.4500000000000006,0.8779980112248482,reflectance_proxy,derived_from_stage_ocean_salt_and_sulfuric_acid_hydrate,stage radiolytic salt proxy,Recomputed as 0.5 ocean_salt + 0.5 sulfuric_acid_hydrate for this ablation stage
1.4750000000000005,0.8907832033583893,reflectance_proxy,derived_from_stage_ocean_salt_and_sulfuric_acid_hydrate,stage radiolytic salt proxy,Recomputed as 0.5 ocean_salt + 0.5 sulfuric_acid_hydrate for this ablation stage
1.5000000000000007,0.9058194832414073,reflectance_proxy,derived_from_stage_ocean_salt_and_sulfuric_acid_hydrate,stage radiolytic salt proxy,Recomputed as 0.5 ocean_salt + 0.5 sulfuric_acid_hydrate for this ablation stage
1.5250000000000008,0.9175129224121893,reflectance_proxy,derived_from_stage_ocean_salt_and_sulfuric_acid_hydrate,stage radiolytic salt proxy,Recomputed as 0.5 ocean_salt + 0.5 sulfuric_acid_hydrate for this ablation stage
1.5500000000000007,0.9240543768067817,reflectance_proxy,derived_from_stage_ocean_salt_and_sulfuric_acid_hydrate,stage radiolytic salt proxy,Recomputed as 0.5 ocean_salt + 0.5 sulfuric_acid_hydrate for this ablation stage
1.5750000000000006,0.9266014776075975,reflectance_proxy,derived_from_stage_ocean_salt_and_sulfuric_acid_hydrate,stage radiolytic salt proxy,Recomputed as 0.5 ocean_salt + 0.5 sulfuric_acid_hydrate for this ablation stage
1.6000000000000008,0.9255843391533463,reflectance_proxy,derived_from_stage_ocean_salt_and_sulfuric_acid_hydrate,stage radiolytic salt proxy,Recomputed as 0.5 ocean_salt + 0.5 sulfuric_acid_hydrate for this ablation stage
1.6250000000000009,0.9214913524545847,reflectance_proxy,derived_from_stage_ocean_salt_and_sulfuric_acid_hydrate,stage radiolytic salt proxy,Recomputed as 0.5 ocean_salt + 0.5 sulfuric_acid_hydrate for this ablation stage
1.6500000000000008,0.9149304245310825,reflectance_proxy,derived_from_stage_ocean_salt_and_sulfuric_acid_hydrate,stage radiolytic salt proxy,Recomputed as 0.5 ocean_salt + 0.5 sulfuric_acid_hydrate for this ablation stage
1.6750000000000007,0.9057046750293732,reflectance_proxy,derived_from_stage_ocean_salt_and_sulfuric_acid_hydrate,stage radiolytic salt proxy,Recomputed as 0.5 ocean_salt + 0.5 sulfuric_acid_hydrate for this ablation stage
1.7000000000000008,0.8941510269730455,reflectance_proxy,derived_from_stage_ocean_salt_and_sulfuric_acid_hydrate,stage radiolytic salt proxy,Recomputed as 0.5 ocean_salt + 0.5 sulfuric_acid_hydrate for this ablation stage
1.7250000000000008,0.8829610063816801,reflectance_proxy,derived_from_stage_ocean_salt_and_sulfuric_acid_hydrate,stage radiolytic salt proxy,Recomputed as 0.5 ocean_salt + 0.5 sulfuric_acid_hydrate for this ablation stage
1.7500000000000009,0.8726869511416205,reflectance_proxy,derived_from_stage_ocean_salt_and_sulfuric_acid_hydrate,stage radiolytic salt proxy,Recomputed as 0.5 ocean_salt + 0.5 sulfuric_acid_hydrate for this ablation stage
1.775000000000001,0.8643738453455876,reflectance_proxy,derived_from_stage_ocean_salt_and_sulfuric_acid_hydrate,stage radiolytic salt proxy,Recomputed as 0.5 ocean_salt + 0.5 sulfuric_acid_hydrate for this ablation stage
1.800000000000001,0.8570064188301625,reflectance_proxy,derived_from_stage_ocean_salt_and_sulfuric_acid_hydrate,stage radiolytic salt proxy,Recomputed as 0.5 ocean_salt + 0.5 sulfuric_acid_hydrate for this ablation stage
1.8250000000000008,0.8508150172140172,reflectance_proxy,derived_from_stage_ocean_salt_and_sulfuric_acid_hydrate,stage radiolytic salt proxy,Recomputed as 0.5 ocean_salt + 0.5 sulfuric_acid_hydrate for this ablation stage
1.850000000000001,0.843961296304668,reflectance_proxy,derived_from_stage_ocean_salt_and_sulfuric_acid_hydrate,stage radiolytic salt proxy,Recomputed as 0.5 ocean_salt + 0.5 sulfuric_acid_hydrate for this ablation stage
1.875000000000001,0.8295905647379034,reflectance_proxy,derived_from_stage_ocean_salt_and_sulfuric_acid_hydrate,stage radiolytic salt proxy,Recomputed as 0.5 ocean_salt + 0.5 sulfuric_acid_hydrate for this ablation stage
1.900000000000001,0.7930510772712165,reflectance_proxy,derived_from_stage_ocean_salt_and_sulfuric_acid_hydrate,stage radiolytic salt proxy,Recomputed as 0.5 ocean_salt + 0.5 sulfuric_acid_hydrate for this ablation stage
1.925000000000001,0.7404915569481954,reflectance_proxy,derived_from_stage_ocean_salt_and_sulfuric_acid_hydrate,stage radiolytic salt proxy,Recomputed as 0.5 ocean_salt + 0.5 sulfuric_acid_hydrate for this ablation stage
1.950000000000001,0.7380284942469535,reflectance_proxy,derived_from_stage_ocean_salt_and_sulfuric_acid_hydrate,stage radiolytic salt proxy,Recomputed as 0.5 ocean_salt + 0.5 sulfuric_acid_hydrate for this ablation stage
1.9750000000000012,0.751252226691441,reflectance_proxy,derived_from_stage_ocean_salt_and_sulfuric_acid_hydrate,stage radiolytic salt proxy,Recomputed as 0.5 ocean_salt + 0.5 sulfuric_acid_hydrate for this ablation stage
2.000000000000001,0.764501731210742,reflectance_proxy,derived_from_stage_ocean_salt_and_sulfuric_acid_hydrate,stage radiolytic salt proxy,Recomputed as 0.5 ocean_salt + 0.5 sulfuric_acid_hydrate for this ablation stage
2.0250000000000012,0.7748788399852112,reflectance_proxy,derived_from_stage_ocean_salt_and_sulfuric_acid_hydrate,stage radiolytic salt proxy,Recomputed as 0.5 ocean_salt + 0.5 sulfuric_acid_hydrate for this ablation stage
2.050000000000001,0.7818463424996349,reflectance_proxy,derived_from_stage_ocean_salt_and_sulfuric_acid_hydrate,stage radiolytic salt proxy,Recomputed as 0.5 ocean_salt + 0.5 sulfuric_acid_hydrate for this ablation stage
2.075000000000001,0.7876962586677718,reflectance_proxy,derived_from_stage_ocean_salt_and_sulfuric_acid_hydrate,stage radiolytic salt proxy,Recomputed as 0.5 ocean_salt + 0.5 sulfuric_acid_hydrate for this ablation stage
2.1000000000000014,0.7936303673239614,reflectance_proxy,derived_from_stage_ocean_salt_and_sulfuric_acid_hydrate,stage radiolytic salt proxy,Recomputed as 0.5 ocean_salt + 0.5 sulfuric_acid_hydrate for this ablation stage
2.125000000000001,0.7997521769846645,reflectance_proxy,derived_from_stage_ocean_salt_and_sulfuric_acid_hydrate,stage radiolytic salt proxy,Recomputed as 0.5 ocean_salt + 0.5 sulfuric_acid_hydrate for this ablation stage
2.1500000000000012,0.8064229856286818,reflectance_proxy,derived_from_stage_ocean_salt_and_sulfuric_acid_hydrate,stage radiolytic salt proxy,Recomputed as 0.5 ocean_salt + 0.5 sulfuric_acid_hydrate for this ablation stage
2.1750000000000016,0.8136554429748084,reflectance_proxy,derived_from_stage_ocean_salt_and_sulfuric_acid_hydrate,stage radiolytic salt proxy,Recomputed as 0.5 ocean_salt + 0.5 sulfuric_acid_hydrate for this ablation stage
2.200000000000001,0.8211816234844438,reflectance_proxy,derived_from_stage_ocean_salt_and_sulfuric_acid_hydrate,stage radiolytic salt proxy,Recomputed as 0.5 ocean_salt + 0.5 sulfuric_acid_hydrate for this ablation stage
2.2250000000000014,0.8273887838701481,reflectance_proxy,derived_from_stage_ocean_salt_and_sulfuric_acid_hydrate,stage radiolytic salt proxy,Recomputed as 0.5 ocean_salt + 0.5 sulfuric_acid_hydrate for this ablation stage
2.2500000000000013,0.830965099618449,reflectance_proxy,derived_from_stage_ocean_salt_and_sulfuric_acid_hydrate,stage radiolytic salt proxy,Recomputed as 0.5 ocean_salt + 0.5 sulfuric_acid_hydrate for this ablation stage
2.2750000000000012,0.8300300147452866,reflectance_proxy,derived_from_stage_ocean_salt_and_sulfuric_acid_hydrate,stage radiolytic salt proxy,Recomputed as 0.5 ocean_salt + 0.5 sulfuric_acid_hydrate for this ablation stage
2.3000000000000016,0.8247581646724723,reflectance_proxy,derived_from_stage_ocean_salt_and_sulfuric_acid_hydrate,stage radiolytic salt proxy,Recomputed as 0.5 ocean_salt + 0.5 sulfuric_acid_hydrate for this ablation stage
2.325000000000001,0.8130580573434764,reflectance_proxy,derived_from_stage_ocean_salt_and_sulfuric_acid_hydrate,stage radiolytic salt proxy,Recomputed as 0.5 ocean_salt + 0.5 sulfuric_acid_hydrate for this ablation stage
2.3500000000000014,0.7927769553136459,reflectance_proxy,derived_from_stage_ocean_salt_and_sulfuric_acid_hydrate,stage radiolytic salt proxy,Recomputed as 0.5 ocean_salt + 0.5 sulfuric_acid_hydrate for this ablation stage
2.3750000000000018,0.7698866151913026,reflectance_proxy,derived_from_stage_ocean_salt_and_sulfuric_acid_hydrate,stage radiolytic salt proxy,Recomputed as 0.5 ocean_salt + 0.5 sulfuric_acid_hydrate for this ablation stage
2.4000000000000012,0.7508862302597576,reflectance_proxy,derived_from_stage_ocean_salt_and_sulfuric_acid_hydrate,stage radiolytic salt proxy,Recomputed as 0.5 ocean_salt + 0.5 sulfuric_acid_hydrate for this ablation stage
2.4250000000000016,0.7390616780815119,reflectance_proxy,derived_from_stage_ocean_salt_and_sulfuric_acid_hydrate,stage radiolytic salt proxy,Recomputed as 0.5 ocean_salt + 0.5 sulfuric_acid_hydrate for this ablation stage
2.4500000000000015,0.7305305017578214,reflectance_proxy,derived_from_stage_ocean_salt_and_sulfuric_acid_hydrate,stage radiolytic salt proxy,Recomputed as 0.5 ocean_salt + 0.5 sulfuric_acid_hydrate for this ablation stage
2.4750000000000014,0.7200306711524427,reflectance_proxy,derived_from_stage_ocean_salt_and_sulfuric_acid_hydrate,stage radiolytic salt proxy,Recomputed as 0.5 ocean_salt + 0.5 sulfuric_acid_hydrate for this ablation stage
2.5000000000000018,0.7061924906223249,reflectance_proxy,derived_from_stage_ocean_salt_and_sulfuric_acid_hydrate,stage radiolytic salt proxy,Recomputed as 0.5 ocean_salt + 0.5 sulfuric_acid_hydrate for this ablation stage
2.5250000000000012,0.6907669895723212,reflectance_proxy,derived_from_stage_ocean_salt_and_sulfuric_acid_hydrate,stage radiolytic salt proxy,Recomputed as 0.5 ocean_salt + 0.5 sulfuric_acid_hydrate for this ablation stage
2.5500000000000016,0.6764471825502093,reflectance_proxy,derived_from_stage_ocean_salt_and_sulfuric_acid_hydrate,stage radiolytic salt proxy,Recomputed as 0.5 ocean_salt + 0.5 sulfuric_acid_hydrate for this ablation stage
2.575000000000002,0.6630696638039693,reflectance_proxy,derived_from_stage_ocean_salt_and_sulfuric_acid_hydrate,stage radiolytic salt proxy,Recomputed as 0.5 ocean_salt + 0.5 sulfuric_acid_hydrate for this ablation stage
2.6000000000000014,0.6488054902935932,reflectance_proxy,derived_from_stage_ocean_salt_and_sulfuric_acid_hydrate,stage radiolytic salt proxy,Recomputed as 0.5 ocean_salt + 0.5 sulfuric_acid_hydrate for this ablation stage
2.6250000000000018,0.6313212119643055,reflectance_proxy,derived_from_stage_ocean_salt_and_sulfuric_acid_hydrate,stage radiolytic salt proxy,Recomputed as 0.5 ocean_salt + 0.5 sulfuric_acid_hydrate for this ablation stage
2.6500000000000017,0.6086632409433432,reflectance_proxy,derived_from_stage_ocean_salt_and_sulfuric_acid_hydrate,stage radiolytic salt proxy,Recomputed as 0.5 ocean_salt + 0.5 sulfuric_acid_hydrate for this ablation stage
2.6750000000000016,0.5797518935731194,reflectance_proxy,derived_from_stage_ocean_salt_and_sulfuric_acid_hydrate,stage radiolytic salt proxy,Recomputed as 0.5 ocean_salt + 0.5 sulfuric_acid_hydrate for this ablation stage
2.700000000000002,0.5426203591368057,reflectance_proxy,derived_from_stage_ocean_salt_and_sulfuric_acid_hydrate,stage radiolytic salt proxy,Recomputed as 0.5 ocean_salt + 0.5 sulfuric_acid_hydrate for this ablation stage
2.7250000000000014,0.5009282830375497,reflectance_proxy,derived_from_stage_ocean_salt_and_sulfuric_acid_hydrate,stage radiolytic salt proxy,Recomputed as 0.5 ocean_salt + 0.5 sulfuric_acid_hydrate for this ablation stage
2.7500000000000018,0.4596433281269513,reflectance_proxy,derived_from_stage_ocean_salt_and_sulfuric_acid_hydrate,stage radiolytic salt proxy,Recomputed as 0.5 ocean_salt + 0.5 sulfuric_acid_hydrate for this ablation stage
2.775000000000002,0.43448286592046603,reflectance_proxy,derived_from_stage_ocean_salt_and_sulfuric_acid_hydrate,stage radiolytic salt proxy,Recomputed as 0.5 ocean_salt + 0.5 sulfuric_acid_hydrate for this ablation stage
2.8000000000000016,0.4189447427183225,reflectance_proxy,derived_from_stage_ocean_salt_and_sulfuric_acid_hydrate,stage radiolytic salt proxy,Recomputed as 0.5 ocean_salt + 0.5 sulfuric_acid_hydrate for this ablation stage
2.825000000000002,0.40629120006345765,reflectance_proxy,derived_from_stage_ocean_salt_and_sulfuric_acid_hydrate,stage radiolytic salt proxy,Recomputed as 0.5 ocean_salt + 0.5 sulfuric_acid_hydrate for this ablation stage
2.8500000000000023,0.39489995078668166,reflectance_proxy,derived_from_stage_ocean_salt_and_sulfuric_acid_hydrate,stage radiolytic salt proxy,Recomputed as 0.5 ocean_salt + 0.5 sulfuric_acid_hydrate for this ablation stage
2.8750000000000018,0.38474782983567735,reflectance_proxy,derived_from_stage_ocean_salt_and_sulfuric_acid_hydrate,stage radiolytic salt proxy,Recomputed as 0.5 ocean_salt + 0.5 sulfuric_acid_hydrate for this ablation stage
2.900000000000002,0.3756692565117185,reflectance_proxy,derived_from_stage_ocean_salt_and_sulfuric_acid_hydrate,stage radiolytic salt proxy,Recomputed as 0.5 ocean_salt + 0.5 sulfuric_acid_hydrate for this ablation stage
2.9250000000000016,0.3683476519151062,reflectance_proxy,derived_from_stage_ocean_salt_and_sulfuric_acid_hydrate,stage radiolytic salt proxy,Recomputed as 0.5 ocean_salt + 0.5 sulfuric_acid_hydrate for this ablation stage
2.950000000000002,0.36219492842685264,reflectance_proxy,derived_from_stage_ocean_salt_and_sulfuric_acid_hydrate,stage radiolytic salt proxy,Recomputed as 0.5 ocean_salt + 0.5 sulfuric_acid_hydrate for this ablation stage
2.9750000000000023,0.35789246747380854,reflectance_proxy,derived_from_stage_ocean_salt_and_sulfuric_acid_hydrate,stage radiolytic salt proxy,Recomputed as 0.5 ocean_salt + 0.5 sulfuric_acid_hydrate for this ablation stage
3.0000000000000018,0.35503614229904745,reflectance_proxy,derived_from_stage_ocean_salt_and_sulfuric_acid_hydrate,stage radiolytic salt proxy,Recomputed as 0.5 ocean_salt + 0.5 sulfuric_acid_hydrate for this ablation stage
3.025000000000002,0.3536556316174423,reflectance_proxy,derived_from_stage_ocean_salt_and_sulfuric_acid_hydrate,stage radiolytic salt proxy,Recomputed as 0.5 ocean_salt + 0.5 sulfuric_acid_hydrate for this ablation stage
3.0500000000000025,0.3535607159652269,reflectance_proxy,derived_from_stage_ocean_salt_and_sulfuric_acid_hydrate,stage radiolytic salt proxy,Recomputed as 0.5 ocean_salt + 0.5 sulfuric_acid_hydrate for this ablation stage
3.075000000000002,0.35453085459577416,reflectance_proxy,derived_from_stage_ocean_salt_and_sulfuric_acid_hydrate,stage radiolytic salt proxy,Recomputed as 0.5 ocean_salt + 0.5 sulfuric_acid_hydrate for this ablation stage
3.1000000000000023,0.3579477598187716,reflectance_proxy,derived_from_stage_ocean_salt_and_sulfuric_acid_hydrate,stage radiolytic salt proxy,Recomputed as 0.5 ocean_salt + 0.5 sulfuric_acid_hydrate for this ablation stage
3.1250000000000018,0.3639889472535889,reflectance_proxy,derived_from_stage_ocean_salt_and_sulfuric_acid_hydrate,stage radiolytic salt proxy,Recomputed as 0.5 ocean_salt + 0.5 sulfuric_acid_hydrate for this ablation stage
3.150000000000002,0.37140736774053645,reflectance_proxy,derived_from_stage_ocean_salt_and_sulfuric_acid_hydrate,stage radiolytic salt proxy,Recomputed as 0.5 ocean_salt + 0.5 sulfuric_acid_hydrate for this ablation stage
3.1750000000000025,0.38048056496890525,reflectance_proxy,derived_from_stage_ocean_salt_and_sulfuric_acid_hydrate,stage radiolytic salt proxy,Recomputed as 0.5 ocean_salt + 0.5 sulfuric_acid_hydrate for this ablation stage
3.200000000000002,0.3914935506359592,reflectance_proxy,derived_from_stage_ocean_salt_and_sulfuric_acid_hydrate,stage radiolytic salt proxy,Recomputed as 0.5 ocean_salt + 0.5 sulfuric_acid_hydrate for this ablation stage
3.2250000000000023,0.4033683812438015,reflectance_proxy,derived_from_stage_ocean_salt_and_sulfuric_acid_hydrate,stage radiolytic salt proxy,Recomputed as 0.5 ocean_salt + 0.5 sulfuric_acid_hydrate for this ablation stage
3.2500000000000027,0.41673331477791886,reflectance_proxy,derived_from_stage_ocean_salt_and_sulfuric_acid_hydrate,stage radiolytic salt proxy,Recomputed as 0.5 ocean_salt + 0.5 sulfuric_acid_hydrate for this ablation stage
3.275000000000002,0.43145538673013895,reflectance_proxy,derived_from_stage_ocean_salt_and_sulfuric_acid_hydrate,stage radiolytic salt proxy,Recomputed as 0.5 ocean_salt + 0.5 sulfuric_acid_hydrate for this ablation stage
3.3000000000000025,0.44675257676033964,reflectance_proxy,derived_from_stage_ocean_salt_and_sulfuric_acid_hydrate,stage radiolytic salt proxy,Recomputed as 0.5 ocean_salt + 0.5 sulfuric_acid_hydrate for this ablation stage
3.325000000000002,0.4629020065425077,reflectance_proxy,derived_from_stage_ocean_salt_and_sulfuric_acid_hydrate,stage radiolytic salt proxy,Recomputed as 0.5 ocean_salt + 0.5 sulfuric_acid_hydrate for this ablation stage
3.3500000000000023,0.4801203617618939,reflectance_proxy,derived_from_stage_ocean_salt_and_sulfuric_acid_hydrate,stage radiolytic salt proxy,Recomputed as 0.5 ocean_salt + 0.5 sulfuric_acid_hydrate for this ablation stage
3.3750000000000027,0.4976218064101778,reflectance_proxy,derived_from_stage_ocean_salt_and_sulfuric_acid_hydrate,stage radiolytic salt proxy,Recomputed as 0.5 ocean_salt + 0.5 sulfuric_acid_hydrate for this ablation stage
3.400000000000002,0.5151631505876622,reflectance_proxy,derived_from_stage_ocean_salt_and_sulfuric_acid_hydrate,stage radiolytic salt proxy,Recomputed as 0.5 ocean_salt + 0.5 sulfuric_acid_hydrate for this ablation stage
3.4250000000000025,0.5330566944944226,reflectance_proxy,derived_from_stage_ocean_salt_and_sulfuric_acid_hydrate,stage radiolytic salt proxy,Recomputed as 0.5 ocean_salt + 0.5 sulfuric_acid_hydrate for this ablation stage
3.450000000000003,0.5503070042766891,reflectance_proxy,derived_from_stage_ocean_salt_and_sulfuric_acid_hydrate,stage radiolytic salt proxy,Recomputed as 0.5 ocean_salt + 0.5 sulfuric_acid_hydrate for this ablation stage
3.4750000000000023,0.5675761250709473,reflectance_proxy,derived_from_stage_ocean_salt_and_sulfuric_acid_hydrate,stage radiolytic salt proxy,Recomputed as 0.5 ocean_salt + 0.5 sulfuric_acid_hydrate for this ablation stage
3.5000000000000027,0.5840554533201554,reflectance_proxy,derived_from_stage_ocean_salt_and_sulfuric_acid_hydrate,stage radiolytic salt proxy,Recomputed as 0.5 ocean_salt + 0.5 sulfuric_acid_hydrate for this ablation stage
3.525000000000002,0.5999586836838429,reflectance_proxy,derived_from_stage_ocean_salt_and_sulfuric_acid_hydrate,stage radiolytic salt proxy,Recomputed as 0.5 ocean_salt + 0.5 sulfuric_acid_hydrate for this ablation stage
3.5500000000000025,0.6153067772827635,reflectance_proxy,derived_from_stage_ocean_salt_and_sulfuric_acid_hydrate,stage radiolytic salt proxy,Recomputed as 0.5 ocean_salt + 0.5 sulfuric_acid_hydrate for this ablation stage
3.575000000000003,0.6299853029641305,reflectance_proxy,derived_from_stage_ocean_salt_and_sulfuric_acid_hydrate,stage radiolytic salt proxy,Recomputed as 0.5 ocean_salt + 0.5 sulfuric_acid_hydrate for this ablation stage
3.6000000000000023,0.6437585264323473,reflectance_proxy,derived_from_stage_ocean_salt_and_sulfuric_acid_hydrate,stage radiolytic salt proxy,Recomputed as 0.5 ocean_salt + 0.5 sulfuric_acid_hydrate for this ablation stage
3.6250000000000027,0.6568046059700399,reflectance_proxy,derived_from_stage_ocean_salt_and_sulfuric_acid_hydrate,stage radiolytic salt proxy,Recomputed as 0.5 ocean_salt + 0.5 sulfuric_acid_hydrate for this ablation stage
3.650000000000003,0.6689305621237581,reflectance_proxy,derived_from_stage_ocean_salt_and_sulfuric_acid_hydrate,stage radiolytic salt proxy,Recomputed as 0.5 ocean_salt + 0.5 sulfuric_acid_hydrate for this ablation stage
3.6750000000000025,0.6799671782586236,reflectance_proxy,derived_from_stage_ocean_salt_and_sulfuric_acid_hydrate,stage radiolytic salt proxy,Recomputed as 0.5 ocean_salt + 0.5 sulfuric_acid_hydrate for this ablation stage
3.700000000000003,0.6902177502628702,reflectance_proxy,derived_from_stage_ocean_salt_and_sulfuric_acid_hydrate,stage radiolytic salt proxy,Recomputed as 0.5 ocean_salt + 0.5 sulfuric_acid_hydrate for this ablation stage
3.7250000000000023,0.6991557734488184,reflectance_proxy,derived_from_stage_ocean_salt_and_sulfuric_acid_hydrate,stage radiolytic salt proxy,Recomputed as 0.5 ocean_salt + 0.5 sulfuric_acid_hydrate for this ablation stage
3.7500000000000027,0.7070269276498844,reflectance_proxy,derived_from_stage_ocean_salt_and_sulfuric_acid_hydrate,stage radiolytic salt proxy,Recomputed as 0.5 ocean_salt + 0.5 sulfuric_acid_hydrate for this ablation stage
3.775000000000003,0.7140594780510712,reflectance_proxy,derived_from_stage_ocean_salt_and_sulfuric_acid_hydrate,stage radiolytic salt proxy,Recomputed as 0.5 ocean_salt + 0.5 sulfuric_acid_hydrate for this ablation stage
3.8000000000000025,0.7201907505612886,reflectance_proxy,derived_from_stage_ocean_salt_and_sulfuric_acid_hydrate,stage radiolytic salt proxy,Recomputed as 0.5 ocean_salt + 0.5 sulfuric_acid_hydrate for this ablation stage
3.825000000000003,0.7253826818679981,reflectance_proxy,derived_from_stage_ocean_salt_and_sulfuric_acid_hydrate,stage radiolytic salt proxy,Recomputed as 0.5 ocean_salt + 0.5 sulfuric_acid_hydrate for this ablation stage
3.850000000000003,0.7297806860658134,reflectance_proxy,derived_from_stage_ocean_salt_and_sulfuric_acid_hydrate,stage radiolytic salt proxy,Recomputed as 0.5 ocean_salt + 0.5 sulfuric_acid_hydrate for this ablation stage
3.8750000000000027,0.7328881393000783,reflectance_proxy,derived_from_stage_ocean_salt_and_sulfuric_acid_hydrate,stage radiolytic salt proxy,Recomputed as 0.5 ocean_salt + 0.5 sulfuric_acid_hydrate for this ablation stage
3.900000000000003,0.7352616374977019,reflectance_proxy,derived_from_stage_ocean_salt_and_sulfuric_acid_hydrate,stage radiolytic salt proxy,Recomputed as 0.5 ocean_salt + 0.5 sulfuric_acid_hydrate for this ablation stage
3.9250000000000025,0.7363245463571371,reflectance_proxy,derived_from_stage_ocean_salt_and_sulfuric_acid_hydrate,stage radiolytic salt proxy,Recomputed as 0.5 ocean_salt + 0.5 sulfuric_acid_hydrate for this ablation stage
3.950000000000003,0.7365372474961829,reflectance_proxy,derived_from_stage_ocean_salt_and_sulfuric_acid_hydrate,stage radiolytic salt proxy,Recomputed as 0.5 ocean_salt + 0.5 sulfuric_acid_hydrate for this ablation stage
3.975000000000003,0.7357084696047035,reflectance_proxy,derived_from_stage_ocean_salt_and_sulfuric_acid_hydrate,stage radiolytic salt proxy,Recomputed as 0.5 ocean_salt + 0.5 sulfuric_acid_hydrate for this ablation stage
4.000000000000003,0.7341650431305429,reflectance_proxy,derived_from_stage_ocean_salt_and_sulfuric_acid_hydrate,stage radiolytic salt proxy,Recomputed as 0.5 ocean_salt + 0.5 sulfuric_acid_hydrate for this ablation stage
4.025000000000003,0.7323843439909338,reflectance_proxy,derived_from_stage_ocean_salt_and_sulfuric_acid_hydrate,stage radiolytic salt proxy,Recomputed as 0.5 ocean_salt + 0.5 sulfuric_acid_hydrate for this ablation stage
4.050000000000003,0.7296568372096168,reflectance_proxy,derived_from_stage_ocean_salt_and_sulfuric_acid_hydrate,stage radiolytic salt proxy,Recomputed as 0.5 ocean_salt + 0.5 sulfuric_acid_hydrate for this ablation stage
4.075000000000003,0.7262636790115229,reflectance_proxy,derived_from_stage_ocean_salt_and_sulfuric_acid_hydrate,stage radiolytic salt proxy,Recomputed as 0.5 ocean_salt + 0.5 sulfuric_acid_hydrate for this ablation stage
4.100000000000003,0.7228386835976579,reflectance_proxy,derived_from_stage_ocean_salt_and_sulfuric_acid_hydrate,stage radiolytic salt proxy,Recomputed as 0.5 ocean_salt + 0.5 sulfuric_acid_hydrate for this ablation stage
4.125000000000003,0.7192646591801005,reflectance_proxy,derived_from_stage_ocean_salt_and_sulfuric_acid_hydrate,stage radiolytic salt proxy,Recomputed as 0.5 ocean_salt + 0.5 sulfuric_acid_hydrate for this ablation stage
4.150000000000003,0.7157121200146441,reflectance_proxy,derived_from_stage_ocean_salt_and_sulfuric_acid_hydrate,stage radiolytic salt proxy,Recomputed as 0.5 ocean_salt + 0.5 sulfuric_acid_hydrate for this ablation stage
4.175000000000003,0.7123636776246278,reflectance_proxy,derived_from_stage_ocean_salt_and_sulfuric_acid_hydrate,stage radiolytic salt proxy,Recomputed as 0.5 ocean_salt + 0.5 sulfuric_acid_hydrate for this ablation stage
4.200000000000003,0.7091926815400491,reflectance_proxy,derived_from_stage_ocean_salt_and_sulfuric_acid_hydrate,stage radiolytic salt proxy,Recomputed as 0.5 ocean_salt + 0.5 sulfuric_acid_hydrate for this ablation stage
4.225000000000003,0.7063891910822055,reflectance_proxy,derived_from_stage_ocean_salt_and_sulfuric_acid_hydrate,stage radiolytic salt proxy,Recomputed as 0.5 ocean_salt + 0.5 sulfuric_acid_hydrate for this ablation stage
4.2500000000000036,0.7032411264685297,reflectance_proxy,derived_from_stage_ocean_salt_and_sulfuric_acid_hydrate,stage radiolytic salt proxy,Recomputed as 0.5 ocean_salt + 0.5 sulfuric_acid_hydrate for this ablation stage
4.275000000000003,0.7009462612446913,reflectance_proxy,derived_from_stage_ocean_salt_and_sulfuric_acid_hydrate,stage radiolytic salt proxy,Recomputed as 0.5 ocean_salt + 0.5 sulfuric_acid_hydrate for this ablation stage
4.300000000000003,0.6987937264804799,reflectance_proxy,derived_from_stage_ocean_salt_and_sulfuric_acid_hydrate,stage radiolytic salt proxy,Recomputed as 0.5 ocean_salt + 0.5 sulfuric_acid_hydrate for this ablation stage
4.325000000000003,0.6970360020654935,reflectance_proxy,derived_from_stage_ocean_salt_and_sulfuric_acid_hydrate,stage radiolytic salt proxy,Recomputed as 0.5 ocean_salt + 0.5 sulfuric_acid_hydrate for this ablation stage
4.350000000000003,0.695644096788888,reflectance_proxy,derived_from_stage_ocean_salt_and_sulfuric_acid_hydrate,stage radiolytic salt proxy,Recomputed as 0.5 ocean_salt + 0.5 sulfuric_acid_hydrate for this ablation stage
4.3750000000000036,0.6945440131944506,reflectance_proxy,derived_from_stage_ocean_salt_and_sulfuric_acid_hydrate,stage radiolytic salt proxy,Recomputed as 0.5 ocean_salt + 0.5 sulfuric_acid_hydrate for this ablation stage
4.400000000000003,0.6938463821644454,reflectance_proxy,derived_from_stage_ocean_salt_and_sulfuric_acid_hydrate,stage radiolytic salt proxy,Recomputed as 0.5 ocean_salt + 0.5 sulfuric_acid_hydrate for this ablation stage
4.425000000000003,0.6935281670199821,reflectance_proxy,derived_from_stage_ocean_salt_and_sulfuric_acid_hydrate,stage radiolytic salt proxy,Recomputed as 0.5 ocean_salt + 0.5 sulfuric_acid_hydrate for this ablation stage
4.450000000000004,0.6937561521783142,reflectance_proxy,derived_from_stage_ocean_salt_and_sulfuric_acid_hydrate,stage radiolytic salt proxy,Recomputed as 0.5 ocean_salt + 0.5 sulfuric_acid_hydrate for this ablation stage
4.475000000000003,0.6945796453818015,reflectance_proxy,derived_from_stage_ocean_salt_and_sulfuric_acid_hydrate,stage radiolytic salt proxy,Recomputed as 0.5 ocean_salt + 0.5 sulfuric_acid_hydrate for this ablation stage
4.5000000000000036,0.6956510073808211,reflectance_proxy,derived_from_stage_ocean_salt_and_sulfuric_acid_hydrate,stage radiolytic salt proxy,Recomputed as 0.5 ocean_salt + 0.5 sulfuric_acid_hydrate for this ablation stage
4.525000000000003,0.6970821674370054,reflectance_proxy,derived_from_stage_ocean_salt_and_sulfuric_acid_hydrate,stage radiolytic salt proxy,Recomputed as 0.5 ocean_salt + 0.5 sulfuric_acid_hydrate for this ablation stage
4.550000000000003,0.6987411907502552,reflectance_proxy,derived_from_stage_ocean_salt_and_sulfuric_acid_hydrate,stage radiolytic salt proxy,Recomputed as 0.5 ocean_salt + 0.5 sulfuric_acid_hydrate for this ablation stage
4.575000000000004,0.7005804130612938,reflectance_proxy,derived_from_stage_ocean_salt_and_sulfuric_acid_hydrate,stage radiolytic salt proxy,Recomputed as 0.5 ocean_salt + 0.5 sulfuric_acid_hydrate for this ablation stage
4.600000000000003,0.7025606714503645,reflectance_proxy,derived_from_stage_ocean_salt_and_sulfuric_acid_hydrate,stage radiolytic salt proxy,Recomputed as 0.5 ocean_salt + 0.5 sulfuric_acid_hydrate for this ablation stage
4.6250000000000036,0.7054029089282637,reflectance_proxy,derived_from_stage_ocean_salt_and_sulfuric_acid_hydrate,stage radiolytic salt proxy,Recomputed as 0.5 ocean_salt + 0.5 sulfuric_acid_hydrate for this ablation stage
4.650000000000004,0.7085778793668436,reflectance_proxy,derived_from_stage_ocean_salt_and_sulfuric_acid_hydrate,stage radiolytic salt proxy,Recomputed as 0.5 ocean_salt + 0.5 sulfuric_acid_hydrate for this ablation stage
4.675000000000003,0.7125984108545323,reflectance_proxy,derived_from_stage_ocean_salt_and_sulfuric_acid_hydrate,stage radiolytic salt proxy,Recomputed as 0.5 ocean_salt + 0.5 sulfuric_acid_hydrate for this ablation stage
4.700000000000004,0.717194688825795,reflectance_proxy,derived_from_stage_ocean_salt_and_sulfuric_acid_hydrate,stage radiolytic salt proxy,Recomputed as 0.5 ocean_salt + 0.5 sulfuric_acid_hydrate for this ablation stage
4.725000000000004,0.7222758229658932,reflectance_proxy,derived_from_stage_ocean_salt_and_sulfuric_acid_hydrate,stage radiolytic salt proxy,Recomputed as 0.5 ocean_salt + 0.5 sulfuric_acid_hydrate for this ablation stage
4.7500000000000036,0.7272348705796368,reflectance_proxy,derived_from_stage_ocean_salt_and_sulfuric_acid_hydrate,stage radiolytic salt proxy,Recomputed as 0.5 ocean_salt + 0.5 sulfuric_acid_hydrate for this ablation stage
4.775000000000004,0.7319829028455137,reflectance_proxy,derived_from_stage_ocean_salt_and_sulfuric_acid_hydrate,stage radiolytic salt proxy,Recomputed as 0.5 ocean_salt + 0.5 sulfuric_acid_hydrate for this ablation stage
4.800000000000003,0.7366567448228483,reflectance_proxy,derived_from_stage_ocean_salt_and_sulfuric_acid_hydrate,stage radiolytic salt proxy,Recomputed as 0.5 ocean_salt + 0.5 sulfuric_acid_hydrate for this ablation stage
4.825000000000004,0.7411842227548717,reflectance_proxy,derived_from_stage_ocean_salt_and_sulfuric_acid_hydrate,stage radiolytic salt proxy,Recomputed as 0.5 ocean_salt + 0.5 sulfuric_acid_hydrate for this ablation stage
4.850000000000004,0.7455135586494854,reflectance_proxy,derived_from_stage_ocean_salt_and_sulfuric_acid_hydrate,stage radiolytic salt proxy,Recomputed as 0.5 ocean_salt + 0.5 sulfuric_acid_hydrate for this ablation stage
4.8750000000000036,0.7496004258285853,reflectance_proxy,derived_from_stage_ocean_salt_and_sulfuric_acid_hydrate,stage radiolytic salt proxy,Recomputed as 0.5 ocean_salt + 0.5 sulfuric_acid_hydrate for this ablation stage
4.900000000000004,0.7530566888863123,reflectance_proxy,derived_from_stage_ocean_salt_and_sulfuric_acid_hydrate,stage radiolytic salt proxy,Recomputed as 0.5 ocean_salt + 0.5 sulfuric_acid_hydrate for this ablation stage
4.925000000000004,0.7564027500603268,reflectance_proxy,derived_from_stage_ocean_salt_and_sulfuric_acid_hydrate,stage radiolytic salt proxy,Recomputed as 0.5 ocean_salt + 0.5 sulfuric_acid_hydrate for this ablation stage
4.950000000000004,0.7593924062080376,reflectance_proxy,derived_from_stage_ocean_salt_and_sulfuric_acid_hydrate,stage radiolytic salt proxy,Recomputed as 0.5 ocean_salt + 0.5 sulfuric_acid_hydrate for this ablation stage
4.975000000000004,0.7623687771084434,reflectance_proxy,derived_from_stage_ocean_salt_and_sulfuric_acid_hydrate,stage radiolytic salt proxy,Recomputed as 0.5 ocean_salt + 0.5 sulfuric_acid_hydrate for this ablation stage
5.000000000000004,0.7651927377066207,reflectance_proxy,derived_from_stage_ocean_salt_and_sulfuric_acid_hydrate,stage radiolytic salt proxy,Recomputed as 0.5 ocean_salt + 0.5 sulfuric_acid_hydrate for this ablation stage
5.025000000000004,0.7677162254099029,reflectance_proxy,derived_from_stage_ocean_salt_and_sulfuric_acid_hydrate,stage radiolytic salt proxy,Recomputed as 0.5 ocean_salt + 0.5 sulfuric_acid_hydrate for this ablation stage
5.050000000000004,0.7704115887483889,reflectance_proxy,derived_from_stage_ocean_salt_and_sulfuric_acid_hydrate,stage radiolytic salt proxy,Recomputed as 0.5 ocean_salt + 0.5 sulfuric_acid_hydrate for this ablation stage
5.075000000000004,0.772495794051105,reflectance_proxy,derived_from_stage_ocean_salt_and_sulfuric_acid_hydrate,stage radiolytic salt proxy,Recomputed as 0.5 ocean_salt + 0.5 sulfuric_acid_hydrate for this ablation stage
5.100000000000004,0.7741725767023636,reflectance_proxy,derived_from_stage_ocean_salt_and_sulfuric_acid_hydrate,stage radiolytic salt proxy,Recomputed as 0.5 ocean_salt + 0.5 sulfuric_acid_hydrate for this ablation stage
5.125000000000004,0.7752412291863064,reflectance_proxy,derived_from_stage_ocean_salt_and_sulfuric_acid_hydrate,stage radiolytic salt proxy,Recomputed as 0.5 ocean_salt + 0.5 sulfuric_acid_hydrate for this ablation stage
5.150000000000004,0.7758708913870379,reflectance_proxy,derived_from_stage_ocean_salt_and_sulfuric_acid_hydrate,stage radiolytic salt proxy,Recomputed as 0.5 ocean_salt + 0.5 sulfuric_acid_hydrate for this ablation stage
5.175000000000004,0.7761787111468619,reflectance_proxy,derived_from_stage_ocean_salt_and_sulfuric_acid_hydrate,stage radiolytic salt proxy,Recomputed as 0.5 ocean_salt + 0.5 sulfuric_acid_hydrate for this ablation stage
5.200000000000004,0.7758886418199771,reflectance_proxy,derived_from_stage_ocean_salt_and_sulfuric_acid_hydrate,stage radiolytic salt proxy,Recomputed as 0.5 ocean_salt + 0.5 sulfuric_acid_hydrate for this ablation stage
